,congregation,year,modularity,count
0,shear,1981.0,0,0
1,shear,1981.0,2,0
2,shear,1981.0,3,5
3,shear,1981.0,5,0
4,shear,1981.0,6,0
5,shear,1981.0,11,11
6,shear,1981.0,14,0
7,shear,1981.0,15,0
8,shear,1981.0,16,0
9,shear,1981.0,17,0
10,shear,1981.0,19,0
11,shear,1981.0,20,0
12,shear,1981.0,21,0
13,shear,1981.0,23,12
14,shear,1981.0,24,0
15,shear,1981.0,26,0
16,shear,1981.0,27,8
17,shear,1981.0,30,0
18,shear,1981.0,31,0
19,shear,1981.0,32,0
20,shear,1981.0,33,0
21,shear,1981.0,34,0
22,shear,1981.0,35,0
23,shear,1981.0,36,0
24,shear,1981.0,45,0
25,shear,1981.0,48,0
26,shear,1981.0,55,0
27,shear,1981.0,59,5
28,shear,1981.0,61,0
29,shear,1982.0,0,0
30,shear,1982.0,2,0
31,shear,1982.0,3,5
32,shear,1982.0,5,0
33,shear,1982.0,6,0
34,shear,1982.0,11,11
35,shear,1982.0,14,0
36,shear,1982.0,15,0
37,shear,1982.0,16,0
38,shear,1982.0,17,0
39,shear,1982.0,19,0
40,shear,1982.0,20,0
41,shear,1982.0,21,0
42,shear,1982.0,23,12
43,shear,1982.0,24,0
44,shear,1982.0,26,0
45,shear,1982.0,27,8
46,shear,1982.0,30,0
47,shear,1982.0,31,0
48,shear,1982.0,32,0
49,shear,1982.0,33,0
50,shear,1982.0,34,0
51,shear,1982.0,35,0
52,shear,1982.0,36,0
53,shear,1982.0,45,0
54,shear,1982.0,48,0
55,shear,1982.0,55,0
56,shear,1982.0,59,5
57,shear,1982.0,61,0
58,shear,1983.0,0,0
59,shear,1983.0,2,5
60,shear,1983.0,3,5
61,shear,1983.0,5,0
62,shear,1983.0,6,0
63,shear,1983.0,11,12
64,shear,1983.0,14,0
65,shear,1983.0,15,0
66,shear,1983.0,16,0
67,shear,1983.0,17,0
68,shear,1983.0,19,0
69,shear,1983.0,20,5
70,shear,1983.0,21,2
71,shear,1983.0,23,25
72,shear,1983.0,24,1
73,shear,1983.0,26,4
74,shear,1983.0,27,14
75,shear,1983.0,30,0
76,shear,1983.0,31,0
77,shear,1983.0,32,0
78,shear,1983.0,33,0
79,shear,1983.0,34,0
80,shear,1983.0,35,0
81,shear,1983.0,36,0
82,shear,1983.0,45,0
83,shear,1983.0,48,0
84,shear,1983.0,55,0
85,shear,1983.0,59,5
86,shear,1983.0,61,0
87,shear,1984.0,0,0
88,shear,1984.0,2,5
89,shear,1984.0,3,9
90,shear,1984.0,5,0
91,shear,1984.0,6,0
92,shear,1984.0,11,16
93,shear,1984.0,14,0
94,shear,1984.0,15,0
95,shear,1984.0,16,0
96,shear,1984.0,17,0
97,shear,1984.0,19,0
98,shear,1984.0,20,11
99,shear,1984.0,21,2
100,shear,1984.0,23,27
101,shear,1984.0,24,1
102,shear,1984.0,26,4
103,shear,1984.0,27,26
104,shear,1984.0,30,0
105,shear,1984.0,31,0
106,shear,1984.0,32,0
107,shear,1984.0,33,0
108,shear,1984.0,34,0
109,shear,1984.0,35,0
110,shear,1984.0,36,0
111,shear,1984.0,45,0
112,shear,1984.0,48,0
113,shear,1984.0,55,0
114,shear,1984.0,59,7
115,shear,1984.0,61,0
116,shear,1985.0,0,0
117,shear,1985.0,2,7
118,shear,1985.0,3,18
119,shear,1985.0,5,0
120,shear,1985.0,6,0
121,shear,1985.0,11,20
122,shear,1985.0,14,0
123,shear,1985.0,15,0
124,shear,1985.0,16,6
125,shear,1985.0,17,0
126,shear,1985.0,19,0
127,shear,1985.0,20,11
128,shear,1985.0,21,4
129,shear,1985.0,23,35
130,shear,1985.0,24,2
131,shear,1985.0,26,10
132,shear,1985.0,27,36
133,shear,1985.0,30,0
134,shear,1985.0,31,0
135,shear,1985.0,32,0
136,shear,1985.0,33,0
137,shear,1985.0,34,0
138,shear,1985.0,35,0
139,shear,1985.0,36,0
140,shear,1985.0,45,0
141,shear,1985.0,48,0
142,shear,1985.0,55,0
143,shear,1985.0,59,7
144,shear,1985.0,61,0
145,shear,1986.0,0,1
146,shear,1986.0,2,9
147,shear,1986.0,3,22
148,shear,1986.0,5,0
149,shear,1986.0,6,0
150,shear,1986.0,11,28
151,shear,1986.0,14,0
152,shear,1986.0,15,0
153,shear,1986.0,16,7
154,shear,1986.0,17,0
155,shear,1986.0,19,0
156,shear,1986.0,20,14
157,shear,1986.0,21,4
158,shear,1986.0,23,45
159,shear,1986.0,24,2
160,shear,1986.0,26,15
161,shear,1986.0,27,42
162,shear,1986.0,30,0
163,shear,1986.0,31,0
164,shear,1986.0,32,0
165,shear,1986.0,33,0
166,shear,1986.0,34,0
167,shear,1986.0,35,0
168,shear,1986.0,36,0
169,shear,1986.0,45,0
170,shear,1986.0,48,0
171,shear,1986.0,55,0
172,shear,1986.0,59,8
173,shear,1986.0,61,0
174,shear,1987.0,0,1
175,shear,1987.0,2,17
176,shear,1987.0,3,21
177,shear,1987.0,5,0
178,shear,1987.0,6,1
179,shear,1987.0,11,33
180,shear,1987.0,14,0
181,shear,1987.0,15,2
182,shear,1987.0,16,12
183,shear,1987.0,17,0
184,shear,1987.0,19,0
185,shear,1987.0,20,14
186,shear,1987.0,21,4
187,shear,1987.0,23,46
188,shear,1987.0,24,5
189,shear,1987.0,26,20
190,shear,1987.0,27,64
191,shear,1987.0,30,5
192,shear,1987.0,31,0
193,shear,1987.0,32,0
194,shear,1987.0,33,0
195,shear,1987.0,34,0
196,shear,1987.0,35,0
197,shear,1987.0,36,0
198,shear,1987.0,45,0
199,shear,1987.0,48,0
200,shear,1987.0,55,0
201,shear,1987.0,59,5
202,shear,1987.0,61,5
203,shear,1988.0,0,4
204,shear,1988.0,2,18
205,shear,1988.0,3,21
206,shear,1988.0,5,0
207,shear,1988.0,6,1
208,shear,1988.0,11,43
209,shear,1988.0,14,0
210,shear,1988.0,15,2
211,shear,1988.0,16,15
212,shear,1988.0,17,0
213,shear,1988.0,19,1
214,shear,1988.0,20,18
215,shear,1988.0,21,5
216,shear,1988.0,23,55
217,shear,1988.0,24,6
218,shear,1988.0,26,27
219,shear,1988.0,27,78
220,shear,1988.0,30,7
221,shear,1988.0,31,0
222,shear,1988.0,32,0
223,shear,1988.0,33,0
224,shear,1988.0,34,0
225,shear,1988.0,35,0
226,shear,1988.0,36,6
227,shear,1988.0,45,0
228,shear,1988.0,48,4
229,shear,1988.0,55,0
230,shear,1988.0,59,7
231,shear,1988.0,61,5
232,shear,1989.0,0,4
233,shear,1989.0,2,16
234,shear,1989.0,3,25
235,shear,1989.0,5,0
236,shear,1989.0,6,1
237,shear,1989.0,11,61
238,shear,1989.0,14,0
239,shear,1989.0,15,2
240,shear,1989.0,16,17
241,shear,1989.0,17,1
242,shear,1989.0,19,1
243,shear,1989.0,20,14
244,shear,1989.0,21,4
245,shear,1989.0,23,53
246,shear,1989.0,24,7
247,shear,1989.0,26,28
248,shear,1989.0,27,85
249,shear,1989.0,30,9
250,shear,1989.0,31,0
251,shear,1989.0,32,0
252,shear,1989.0,33,1
253,shear,1989.0,34,0
254,shear,1989.0,35,0
255,shear,1989.0,36,6
256,shear,1989.0,45,0
257,shear,1989.0,48,8
258,shear,1989.0,55,0
259,shear,1989.0,59,8
260,shear,1989.0,61,6
261,shear,1990.0,0,6
262,shear,1990.0,2,21
263,shear,1990.0,3,21
264,shear,1990.0,5,0
265,shear,1990.0,6,2
266,shear,1990.0,11,65
267,shear,1990.0,14,0
268,shear,1990.0,15,2
269,shear,1990.0,16,23
270,shear,1990.0,17,4
271,shear,1990.0,19,3
272,shear,1990.0,20,17
273,shear,1990.0,21,7
274,shear,1990.0,23,59
275,shear,1990.0,24,7
276,shear,1990.0,26,28
277,shear,1990.0,27,96
278,shear,1990.0,30,18
279,shear,1990.0,31,0
280,shear,1990.0,32,0
281,shear,1990.0,33,1
282,shear,1990.0,34,0
283,shear,1990.0,35,0
284,shear,1990.0,36,6
285,shear,1990.0,45,0
286,shear,1990.0,48,8
287,shear,1990.0,55,0
288,shear,1990.0,59,6
289,shear,1990.0,61,6
290,shear,1991.0,0,6
291,shear,1991.0,2,23
292,shear,1991.0,3,15
293,shear,1991.0,5,0
294,shear,1991.0,6,2
295,shear,1991.0,11,75
296,shear,1991.0,14,0
297,shear,1991.0,15,3
298,shear,1991.0,16,22
299,shear,1991.0,17,4
300,shear,1991.0,19,7
301,shear,1991.0,20,20
302,shear,1991.0,21,10
303,shear,1991.0,23,61
304,shear,1991.0,24,8
305,shear,1991.0,26,24
306,shear,1991.0,27,102
307,shear,1991.0,30,18
308,shear,1991.0,31,0
309,shear,1991.0,32,0
310,shear,1991.0,33,1
311,shear,1991.0,34,0
312,shear,1991.0,35,0
313,shear,1991.0,36,6
314,shear,1991.0,45,0
315,shear,1991.0,48,8
316,shear,1991.0,55,0
317,shear,1991.0,59,6
318,shear,1991.0,61,6
319,shear,1992.0,0,7
320,shear,1992.0,2,25
321,shear,1992.0,3,11
322,shear,1992.0,5,0
323,shear,1992.0,6,3
324,shear,1992.0,11,83
325,shear,1992.0,14,0
326,shear,1992.0,15,4
327,shear,1992.0,16,25
328,shear,1992.0,17,10
329,shear,1992.0,19,7
330,shear,1992.0,20,19
331,shear,1992.0,21,11
332,shear,1992.0,23,56
333,shear,1992.0,24,9
334,shear,1992.0,26,22
335,shear,1992.0,27,115
336,shear,1992.0,30,18
337,shear,1992.0,31,0
338,shear,1992.0,32,0
339,shear,1992.0,33,1
340,shear,1992.0,34,0
341,shear,1992.0,35,0
342,shear,1992.0,36,6
343,shear,1992.0,45,3
344,shear,1992.0,48,8
345,shear,1992.0,55,0
346,shear,1992.0,59,7
347,shear,1992.0,61,11
348,shear,1993.0,0,7
349,shear,1993.0,2,29
350,shear,1993.0,3,11
351,shear,1993.0,5,0
352,shear,1993.0,6,7
353,shear,1993.0,11,91
354,shear,1993.0,14,2
355,shear,1993.0,15,6
356,shear,1993.0,16,29
357,shear,1993.0,17,12
358,shear,1993.0,19,8
359,shear,1993.0,20,19
360,shear,1993.0,21,21
361,shear,1993.0,23,55
362,shear,1993.0,24,15
363,shear,1993.0,26,17
364,shear,1993.0,27,114
365,shear,1993.0,30,18
366,shear,1993.0,31,0
367,shear,1993.0,32,1
368,shear,1993.0,33,1
369,shear,1993.0,34,0
370,shear,1993.0,35,0
371,shear,1993.0,36,6
372,shear,1993.0,45,3
373,shear,1993.0,48,8
374,shear,1993.0,55,0
375,shear,1993.0,59,8
376,shear,1993.0,61,7
377,shear,1994.0,0,8
378,shear,1994.0,2,30
379,shear,1994.0,3,11
380,shear,1994.0,5,0
381,shear,1994.0,6,7
382,shear,1994.0,11,95
383,shear,1994.0,14,2
384,shear,1994.0,15,6
385,shear,1994.0,16,39
386,shear,1994.0,17,16
387,shear,1994.0,19,11
388,shear,1994.0,20,15
389,shear,1994.0,21,28
390,shear,1994.0,23,46
391,shear,1994.0,24,19
392,shear,1994.0,26,11
393,shear,1994.0,27,118
394,shear,1994.0,30,18
395,shear,1994.0,31,0
396,shear,1994.0,32,1
397,shear,1994.0,33,1
398,shear,1994.0,34,0
399,shear,1994.0,35,0
400,shear,1994.0,36,1
401,shear,1994.0,45,3
402,shear,1994.0,48,6
403,shear,1994.0,55,0
404,shear,1994.0,59,9
405,shear,1994.0,61,7
406,shear,1995.0,0,13
407,shear,1995.0,2,33
408,shear,1995.0,3,7
409,shear,1995.0,5,1
410,shear,1995.0,6,7
411,shear,1995.0,11,96
412,shear,1995.0,14,2
413,shear,1995.0,15,11
414,shear,1995.0,16,42
415,shear,1995.0,17,19
416,shear,1995.0,19,12
417,shear,1995.0,20,15
418,shear,1995.0,21,30
419,shear,1995.0,23,41
420,shear,1995.0,24,23
421,shear,1995.0,26,9
422,shear,1995.0,27,119
423,shear,1995.0,30,18
424,shear,1995.0,31,0
425,shear,1995.0,32,1
426,shear,1995.0,33,1
427,shear,1995.0,34,0
428,shear,1995.0,35,0
429,shear,1995.0,36,1
430,shear,1995.0,45,3
431,shear,1995.0,48,8
432,shear,1995.0,55,0
433,shear,1995.0,59,11
434,shear,1995.0,61,10
435,shear,1996.0,0,13
436,shear,1996.0,2,35
437,shear,1996.0,3,7
438,shear,1996.0,5,1
439,shear,1996.0,6,14
440,shear,1996.0,11,115
441,shear,1996.0,14,2
442,shear,1996.0,15,11
443,shear,1996.0,16,47
444,shear,1996.0,17,16
445,shear,1996.0,19,12
446,shear,1996.0,20,10
447,shear,1996.0,21,32
448,shear,1996.0,23,35
449,shear,1996.0,24,37
450,shear,1996.0,26,9
451,shear,1996.0,27,106
452,shear,1996.0,30,9
453,shear,1996.0,31,4
454,shear,1996.0,32,1
455,shear,1996.0,33,1
456,shear,1996.0,34,0
457,shear,1996.0,35,0
458,shear,1996.0,36,1
459,shear,1996.0,45,3
460,shear,1996.0,48,9
461,shear,1996.0,55,0
462,shear,1996.0,59,17
463,shear,1996.0,61,10
464,shear,1997.0,0,20
465,shear,1997.0,2,42
466,shear,1997.0,3,4
467,shear,1997.0,5,1
468,shear,1997.0,6,22
469,shear,1997.0,11,119
470,shear,1997.0,14,2
471,shear,1997.0,15,18
472,shear,1997.0,16,59
473,shear,1997.0,17,16
474,shear,1997.0,19,9
475,shear,1997.0,20,5
476,shear,1997.0,21,36
477,shear,1997.0,23,36
478,shear,1997.0,24,39
479,shear,1997.0,26,12
480,shear,1997.0,27,106
481,shear,1997.0,30,8
482,shear,1997.0,31,10
483,shear,1997.0,32,1
484,shear,1997.0,33,1
485,shear,1997.0,34,0
486,shear,1997.0,35,0
487,shear,1997.0,36,1
488,shear,1997.0,45,3
489,shear,1997.0,48,12
490,shear,1997.0,55,0
491,shear,1997.0,59,17
492,shear,1997.0,61,15
493,shear,1998.0,0,23
494,shear,1998.0,2,38
495,shear,1998.0,3,8
496,shear,1998.0,5,3
497,shear,1998.0,6,23
498,shear,1998.0,11,127
499,shear,1998.0,14,2
500,shear,1998.0,15,21
501,shear,1998.0,16,67
502,shear,1998.0,17,12
503,shear,1998.0,19,11
504,shear,1998.0,20,5
505,shear,1998.0,21,45
506,shear,1998.0,23,44
507,shear,1998.0,24,41
508,shear,1998.0,26,13
509,shear,1998.0,27,99
510,shear,1998.0,30,8
511,shear,1998.0,31,10
512,shear,1998.0,32,1
513,shear,1998.0,33,1
514,shear,1998.0,34,0
515,shear,1998.0,35,0
516,shear,1998.0,36,4
517,shear,1998.0,45,1
518,shear,1998.0,48,14
519,shear,1998.0,55,0
520,shear,1998.0,59,20
521,shear,1998.0,61,15
522,shear,1999.0,0,23
523,shear,1999.0,2,49
524,shear,1999.0,3,4
525,shear,1999.0,5,3
526,shear,1999.0,6,25
527,shear,1999.0,11,129
528,shear,1999.0,14,1
529,shear,1999.0,15,20
530,shear,1999.0,16,66
531,shear,1999.0,17,9
532,shear,1999.0,19,9
533,shear,1999.0,20,6
534,shear,1999.0,21,40
535,shear,1999.0,23,47
536,shear,1999.0,24,45
537,shear,1999.0,26,20
538,shear,1999.0,27,99
539,shear,1999.0,30,5
540,shear,1999.0,31,12
541,shear,1999.0,32,3
542,shear,1999.0,33,1
543,shear,1999.0,34,0
544,shear,1999.0,35,2
545,shear,1999.0,36,5
546,shear,1999.0,45,1
547,shear,1999.0,48,17
548,shear,1999.0,55,0
549,shear,1999.0,59,22
550,shear,1999.0,61,15
551,shear,2000.0,0,22
552,shear,2000.0,2,52
553,shear,2000.0,3,4
554,shear,2000.0,5,3
555,shear,2000.0,6,32
556,shear,2000.0,11,138
557,shear,2000.0,14,1
558,shear,2000.0,15,22
559,shear,2000.0,16,68
560,shear,2000.0,17,6
561,shear,2000.0,19,6
562,shear,2000.0,20,6
563,shear,2000.0,21,42
564,shear,2000.0,23,49
565,shear,2000.0,24,49
566,shear,2000.0,26,20
567,shear,2000.0,27,91
568,shear,2000.0,30,4
569,shear,2000.0,31,12
570,shear,2000.0,32,3
571,shear,2000.0,33,1
572,shear,2000.0,34,0
573,shear,2000.0,35,2
574,shear,2000.0,36,8
575,shear,2000.0,45,1
576,shear,2000.0,48,21
577,shear,2000.0,55,0
578,shear,2000.0,59,22
579,shear,2000.0,61,15
580,shear,2001.0,0,24
581,shear,2001.0,2,59
582,shear,2001.0,3,8
583,shear,2001.0,5,3
584,shear,2001.0,6,32
585,shear,2001.0,11,142
586,shear,2001.0,14,1
587,shear,2001.0,15,20
588,shear,2001.0,16,73
589,shear,2001.0,17,4
590,shear,2001.0,19,11
591,shear,2001.0,20,6
592,shear,2001.0,21,42
593,shear,2001.0,23,50
594,shear,2001.0,24,49
595,shear,2001.0,26,20
596,shear,2001.0,27,91
597,shear,2001.0,30,2
598,shear,2001.0,31,12
599,shear,2001.0,32,3
600,shear,2001.0,33,1
601,shear,2001.0,34,0
602,shear,2001.0,35,2
603,shear,2001.0,36,12
604,shear,2001.0,45,2
605,shear,2001.0,48,19
606,shear,2001.0,55,1
607,shear,2001.0,59,22
608,shear,2001.0,61,11
609,shear,2002.0,0,24
610,shear,2002.0,2,57
611,shear,2002.0,3,8
612,shear,2002.0,5,4
613,shear,2002.0,6,28
614,shear,2002.0,11,133
615,shear,2002.0,14,1
616,shear,2002.0,15,26
617,shear,2002.0,16,86
618,shear,2002.0,17,3
619,shear,2002.0,19,11
620,shear,2002.0,20,6
621,shear,2002.0,21,41
622,shear,2002.0,23,50
623,shear,2002.0,24,45
624,shear,2002.0,26,20
625,shear,2002.0,27,82
626,shear,2002.0,30,2
627,shear,2002.0,31,10
628,shear,2002.0,32,3
629,shear,2002.0,33,1
630,shear,2002.0,34,0
631,shear,2002.0,35,3
632,shear,2002.0,36,12
633,shear,2002.0,45,2
634,shear,2002.0,48,19
635,shear,2002.0,55,4
636,shear,2002.0,59,15
637,shear,2002.0,61,10
638,shear,2003.0,0,18
639,shear,2003.0,2,54
640,shear,2003.0,3,8
641,shear,2003.0,5,5
642,shear,2003.0,6,27
643,shear,2003.0,11,142
644,shear,2003.0,14,1
645,shear,2003.0,15,25
646,shear,2003.0,16,79
647,shear,2003.0,17,3
648,shear,2003.0,19,12
649,shear,2003.0,20,6
650,shear,2003.0,21,42
651,shear,2003.0,23,56
652,shear,2003.0,24,47
653,shear,2003.0,26,19
654,shear,2003.0,27,89
655,shear,2003.0,30,2
656,shear,2003.0,31,7
657,shear,2003.0,32,3
658,shear,2003.0,33,1
659,shear,2003.0,34,0
660,shear,2003.0,35,3
661,shear,2003.0,36,12
662,shear,2003.0,45,4
663,shear,2003.0,48,18
664,shear,2003.0,55,4
665,shear,2003.0,59,18
666,shear,2003.0,61,7
667,shear,2004.0,0,22
668,shear,2004.0,2,54
669,shear,2004.0,3,6
670,shear,2004.0,5,5
671,shear,2004.0,6,29
672,shear,2004.0,11,148
673,shear,2004.0,14,1
674,shear,2004.0,15,26
675,shear,2004.0,16,73
676,shear,2004.0,17,2
677,shear,2004.0,19,12
678,shear,2004.0,20,6
679,shear,2004.0,21,39
680,shear,2004.0,23,50
681,shear,2004.0,24,48
682,shear,2004.0,26,20
683,shear,2004.0,27,86
684,shear,2004.0,30,2
685,shear,2004.0,31,7
686,shear,2004.0,32,4
687,shear,2004.0,33,1
688,shear,2004.0,34,0
689,shear,2004.0,35,8
690,shear,2004.0,36,12
691,shear,2004.0,45,5
692,shear,2004.0,48,25
693,shear,2004.0,55,5
694,shear,2004.0,59,19
695,shear,2004.0,61,4
696,shear,2005.0,0,21
697,shear,2005.0,2,45
698,shear,2005.0,3,6
699,shear,2005.0,5,6
700,shear,2005.0,6,25
701,shear,2005.0,11,156
702,shear,2005.0,14,3
703,shear,2005.0,15,25
704,shear,2005.0,16,83
705,shear,2005.0,17,2
706,shear,2005.0,19,22
707,shear,2005.0,20,6
708,shear,2005.0,21,38
709,shear,2005.0,23,52
710,shear,2005.0,24,44
711,shear,2005.0,26,22
712,shear,2005.0,27,85
713,shear,2005.0,30,2
714,shear,2005.0,31,2
715,shear,2005.0,32,8
716,shear,2005.0,33,1
717,shear,2005.0,34,3
718,shear,2005.0,35,11
719,shear,2005.0,36,12
720,shear,2005.0,45,6
721,shear,2005.0,48,23
722,shear,2005.0,55,5
723,shear,2005.0,59,20
724,shear,2005.0,61,5
725,shear,2006.0,0,22
726,shear,2006.0,2,45
727,shear,2006.0,3,6
728,shear,2006.0,5,8
729,shear,2006.0,6,23
730,shear,2006.0,11,149
731,shear,2006.0,14,3
732,shear,2006.0,15,23
733,shear,2006.0,16,83
734,shear,2006.0,17,2
735,shear,2006.0,19,23
736,shear,2006.0,20,6
737,shear,2006.0,21,38
738,shear,2006.0,23,49
739,shear,2006.0,24,41
740,shear,2006.0,26,26
741,shear,2006.0,27,80
742,shear,2006.0,30,2
743,shear,2006.0,31,2
744,shear,2006.0,32,10
745,shear,2006.0,33,1
746,shear,2006.0,34,3
747,shear,2006.0,35,13
748,shear,2006.0,36,14
749,shear,2006.0,45,6
750,shear,2006.0,48,18
751,shear,2006.0,55,10
752,shear,2006.0,59,19
753,shear,2006.0,61,5
754,shear,2007.0,0,18
755,shear,2007.0,2,35
756,shear,2007.0,3,6
757,shear,2007.0,5,10
758,shear,2007.0,6,23
759,shear,2007.0,11,164
760,shear,2007.0,14,3
761,shear,2007.0,15,32
762,shear,2007.0,16,87
763,shear,2007.0,17,1
764,shear,2007.0,19,22
765,shear,2007.0,20,8
766,shear,2007.0,21,38
767,shear,2007.0,23,52
768,shear,2007.0,24,38
769,shear,2007.0,26,31
770,shear,2007.0,27,71
771,shear,2007.0,30,2
772,shear,2007.0,31,2
773,shear,2007.0,32,13
774,shear,2007.0,33,4
775,shear,2007.0,34,3
776,shear,2007.0,35,13
777,shear,2007.0,36,13
778,shear,2007.0,45,9
779,shear,2007.0,48,21
780,shear,2007.0,55,10
781,shear,2007.0,59,19
782,shear,2007.0,61,5
783,shear,2008.0,0,18
784,shear,2008.0,2,33
785,shear,2008.0,3,11
786,shear,2008.0,5,10
787,shear,2008.0,6,27
788,shear,2008.0,11,183
789,shear,2008.0,14,3
790,shear,2008.0,15,33
791,shear,2008.0,16,77
792,shear,2008.0,17,1
793,shear,2008.0,19,26
794,shear,2008.0,20,9
795,shear,2008.0,21,40
796,shear,2008.0,23,54
797,shear,2008.0,24,35
798,shear,2008.0,26,33
799,shear,2008.0,27,71
800,shear,2008.0,30,1
801,shear,2008.0,31,2
802,shear,2008.0,32,15
803,shear,2008.0,33,4
804,shear,2008.0,34,6
805,shear,2008.0,35,17
806,shear,2008.0,36,16
807,shear,2008.0,45,12
808,shear,2008.0,48,23
809,shear,2008.0,55,8
810,shear,2008.0,59,21
811,shear,2008.0,61,5
812,shear,2009.0,0,21
813,shear,2009.0,2,29
814,shear,2009.0,3,20
815,shear,2009.0,5,23
816,shear,2009.0,6,28
817,shear,2009.0,11,189
818,shear,2009.0,14,4
819,shear,2009.0,15,44
820,shear,2009.0,16,80
821,shear,2009.0,17,1
822,shear,2009.0,19,31
823,shear,2009.0,20,15
824,shear,2009.0,21,45
825,shear,2009.0,23,46
826,shear,2009.0,24,35
827,shear,2009.0,26,35
828,shear,2009.0,27,66
829,shear,2009.0,30,1
830,shear,2009.0,31,2
831,shear,2009.0,32,15
832,shear,2009.0,33,4
833,shear,2009.0,34,6
834,shear,2009.0,35,17
835,shear,2009.0,36,16
836,shear,2009.0,45,11
837,shear,2009.0,48,24
838,shear,2009.0,55,8
839,shear,2009.0,59,20
840,shear,2009.0,61,5
841,shear,2010.0,0,16
842,shear,2010.0,2,29
843,shear,2010.0,3,26
844,shear,2010.0,5,26
845,shear,2010.0,6,25
846,shear,2010.0,11,199
847,shear,2010.0,14,6
848,shear,2010.0,15,53
849,shear,2010.0,16,104
850,shear,2010.0,17,1
851,shear,2010.0,19,31
852,shear,2010.0,20,20
853,shear,2010.0,21,52
854,shear,2010.0,23,49
855,shear,2010.0,24,34
856,shear,2010.0,26,36
857,shear,2010.0,27,62
858,shear,2010.0,30,1
859,shear,2010.0,31,2
860,shear,2010.0,32,15
861,shear,2010.0,33,4
862,shear,2010.0,34,6
863,shear,2010.0,35,18
864,shear,2010.0,36,15
865,shear,2010.0,45,16
866,shear,2010.0,48,23
867,shear,2010.0,55,8
868,shear,2010.0,59,18
869,shear,2010.0,61,4
870,shear,2011.0,0,16
871,shear,2011.0,2,28
872,shear,2011.0,3,26
873,shear,2011.0,5,25
874,shear,2011.0,6,25
875,shear,2011.0,11,191
876,shear,2011.0,14,5
877,shear,2011.0,15,53
878,shear,2011.0,16,103
879,shear,2011.0,17,1
880,shear,2011.0,19,27
881,shear,2011.0,20,21
882,shear,2011.0,21,51
883,shear,2011.0,23,42
884,shear,2011.0,24,32
885,shear,2011.0,26,33
886,shear,2011.0,27,55
887,shear,2011.0,30,1
888,shear,2011.0,31,2
889,shear,2011.0,32,11
890,shear,2011.0,33,4
891,shear,2011.0,34,6
892,shear,2011.0,35,17
893,shear,2011.0,36,15
894,shear,2011.0,45,16
895,shear,2011.0,48,23
896,shear,2011.0,55,9
897,shear,2011.0,59,14
898,shear,2011.0,61,4
899,shear,2012.0,0,17
900,shear,2012.0,2,28
901,shear,2012.0,3,29
902,shear,2012.0,5,26
903,shear,2012.0,6,35
904,shear,2012.0,11,202
905,shear,2012.0,14,5
906,shear,2012.0,15,57
907,shear,2012.0,16,102
908,shear,2012.0,17,1
909,shear,2012.0,19,26
910,shear,2012.0,20,26
911,shear,2012.0,21,54
912,shear,2012.0,23,40
913,shear,2012.0,24,35
914,shear,2012.0,26,30
915,shear,2012.0,27,56
916,shear,2012.0,30,4
917,shear,2012.0,31,2
918,shear,2012.0,32,12
919,shear,2012.0,33,6
920,shear,2012.0,34,6
921,shear,2012.0,35,19
922,shear,2012.0,36,16
923,shear,2012.0,45,20
924,shear,2012.0,48,28
925,shear,2012.0,55,6
926,shear,2012.0,59,14
927,shear,2012.0,61,4
928,shear,2013.0,0,24
929,shear,2013.0,2,32
930,shear,2013.0,3,30
931,shear,2013.0,5,30
932,shear,2013.0,6,37
933,shear,2013.0,11,211
934,shear,2013.0,14,11
935,shear,2013.0,15,60
936,shear,2013.0,16,110
937,shear,2013.0,17,0
938,shear,2013.0,19,26
939,shear,2013.0,20,28
940,shear,2013.0,21,58
941,shear,2013.0,23,35
942,shear,2013.0,24,35
943,shear,2013.0,26,28
944,shear,2013.0,27,54
945,shear,2013.0,30,4
946,shear,2013.0,31,3
947,shear,2013.0,32,20
948,shear,2013.0,33,10
949,shear,2013.0,34,7
950,shear,2013.0,35,21
951,shear,2013.0,36,15
952,shear,2013.0,45,19
953,shear,2013.0,48,30
954,shear,2013.0,55,6
955,shear,2013.0,59,16
956,shear,2013.0,61,4
957,shear,2014.0,0,29
958,shear,2014.0,2,32
959,shear,2014.0,3,36
960,shear,2014.0,5,32
961,shear,2014.0,6,32
962,shear,2014.0,11,210
963,shear,2014.0,14,12
964,shear,2014.0,15,70
965,shear,2014.0,16,120
966,shear,2014.0,17,0
967,shear,2014.0,19,22
968,shear,2014.0,20,37
969,shear,2014.0,21,66
970,shear,2014.0,23,36
971,shear,2014.0,24,36
972,shear,2014.0,26,27
973,shear,2014.0,27,53
974,shear,2014.0,30,4
975,shear,2014.0,31,2
976,shear,2014.0,32,21
977,shear,2014.0,33,12
978,shear,2014.0,34,5
979,shear,2014.0,35,16
980,shear,2014.0,36,13
981,shear,2014.0,45,16
982,shear,2014.0,48,39
983,shear,2014.0,55,8
984,shear,2014.0,59,18
985,shear,2014.0,61,4
986,shear,2015.0,0,32
987,shear,2015.0,2,35
988,shear,2015.0,3,33
989,shear,2015.0,5,24
990,shear,2015.0,6,31
991,shear,2015.0,11,198
992,shear,2015.0,14,14
993,shear,2015.0,15,69
994,shear,2015.0,16,118
995,shear,2015.0,17,0
996,shear,2015.0,19,23
997,shear,2015.0,20,45
998,shear,2015.0,21,60
999,shear,2015.0,23,31
1000,shear,2015.0,24,34
1001,shear,2015.0,26,32
1002,shear,2015.0,27,37
1003,shear,2015.0,30,5
1004,shear,2015.0,31,3
1005,shear,2015.0,32,21
1006,shear,2015.0,33,15
1007,shear,2015.0,34,6
1008,shear,2015.0,35,18
1009,shear,2015.0,36,17
1010,shear,2015.0,45,19
1011,shear,2015.0,48,43
1012,shear,2015.0,55,11
1013,shear,2015.0,59,16
1014,shear,2015.0,61,4
1015,shear,2016.0,0,32
1016,shear,2016.0,2,38
1017,shear,2016.0,3,25
1018,shear,2016.0,5,32
1019,shear,2016.0,6,32
1020,shear,2016.0,11,202
1021,shear,2016.0,14,16
1022,shear,2016.0,15,73
1023,shear,2016.0,16,104
1024,shear,2016.0,17,0
1025,shear,2016.0,19,24
1026,shear,2016.0,20,52
1027,shear,2016.0,21,64
1028,shear,2016.0,23,27
1029,shear,2016.0,24,35
1030,shear,2016.0,26,43
1031,shear,2016.0,27,39
1032,shear,2016.0,30,5
1033,shear,2016.0,31,7
1034,shear,2016.0,32,29
1035,shear,2016.0,33,15
1036,shear,2016.0,34,6
1037,shear,2016.0,35,18
1038,shear,2016.0,36,17
1039,shear,2016.0,45,17
1040,shear,2016.0,48,43
1041,shear,2016.0,55,12
1042,shear,2016.0,59,19
1043,shear,2016.0,61,4
1044,shear,2017.0,0,35
1045,shear,2017.0,2,37
1046,shear,2017.0,3,25
1047,shear,2017.0,5,34
1048,shear,2017.0,6,33
1049,shear,2017.0,11,220
1050,shear,2017.0,14,25
1051,shear,2017.0,15,81
1052,shear,2017.0,16,96
1053,shear,2017.0,17,0
1054,shear,2017.0,19,26
1055,shear,2017.0,20,54
1056,shear,2017.0,21,66
1057,shear,2017.0,23,26
1058,shear,2017.0,24,37
1059,shear,2017.0,26,46
1060,shear,2017.0,27,38
1061,shear,2017.0,30,5
1062,shear,2017.0,31,7
1063,shear,2017.0,32,29
1064,shear,2017.0,33,15
1065,shear,2017.0,34,5
1066,shear,2017.0,35,19
1067,shear,2017.0,36,18
1068,shear,2017.0,45,22
1069,shear,2017.0,48,49
1070,shear,2017.0,55,10
1071,shear,2017.0,59,19
1072,shear,2017.0,61,4
1073,shear,2018.0,0,38
1074,shear,2018.0,2,35
1075,shear,2018.0,3,27
1076,shear,2018.0,5,55
1077,shear,2018.0,6,19
1078,shear,2018.0,11,213
1079,shear,2018.0,14,28
1080,shear,2018.0,15,95
1081,shear,2018.0,16,102
1082,shear,2018.0,17,0
1083,shear,2018.0,19,23
1084,shear,2018.0,20,57
1085,shear,2018.0,21,67
1086,shear,2018.0,23,24
1087,shear,2018.0,24,37
1088,shear,2018.0,26,49
1089,shear,2018.0,27,32
1090,shear,2018.0,30,3
1091,shear,2018.0,31,10
1092,shear,2018.0,32,31
1093,shear,2018.0,33,16
1094,shear,2018.0,34,5
1095,shear,2018.0,35,16
1096,shear,2018.0,36,17
1097,shear,2018.0,45,20
1098,shear,2018.0,48,45
1099,shear,2018.0,55,10
1100,shear,2018.0,59,24
1101,shear,2018.0,61,3
1102,shear,2019.0,0,35
1103,shear,2019.0,2,28
1104,shear,2019.0,3,31
1105,shear,2019.0,5,57
1106,shear,2019.0,6,19
1107,shear,2019.0,11,211
1108,shear,2019.0,14,28
1109,shear,2019.0,15,96
1110,shear,2019.0,16,85
1111,shear,2019.0,17,0
1112,shear,2019.0,19,26
1113,shear,2019.0,20,65
1114,shear,2019.0,21,63
1115,shear,2019.0,23,20
1116,shear,2019.0,24,37
1117,shear,2019.0,26,50
1118,shear,2019.0,27,25
1119,shear,2019.0,30,4
1120,shear,2019.0,31,10
1121,shear,2019.0,32,28
1122,shear,2019.0,33,12
1123,shear,2019.0,34,8
1124,shear,2019.0,35,13
1125,shear,2019.0,36,21
1126,shear,2019.0,45,19
1127,shear,2019.0,48,42
1128,shear,2019.0,55,17
1129,shear,2019.0,59,23
1130,shear,2019.0,61,3
1131,shear,2020.0,0,31
1132,shear,2020.0,2,25
1133,shear,2020.0,3,20
1134,shear,2020.0,5,54
1135,shear,2020.0,6,18
1136,shear,2020.0,11,195
1137,shear,2020.0,14,28
1138,shear,2020.0,15,88
1139,shear,2020.0,16,66
1140,shear,2020.0,17,0
1141,shear,2020.0,19,26
1142,shear,2020.0,20,58
1143,shear,2020.0,21,47
1144,shear,2020.0,23,16
1145,shear,2020.0,24,36
1146,shear,2020.0,26,50
1147,shear,2020.0,27,18
1148,shear,2020.0,30,4
1149,shear,2020.0,31,10
1150,shear,2020.0,32,20
1151,shear,2020.0,33,10
1152,shear,2020.0,34,7
1153,shear,2020.0,35,13
1154,shear,2020.0,36,21
1155,shear,2020.0,45,19
1156,shear,2020.0,48,34
1157,shear,2020.0,55,15
1158,shear,2020.0,59,21
1159,shear,2020.0,61,3
1160,shear,2021.0,0,28
1161,shear,2021.0,2,27
1162,shear,2021.0,3,22
1163,shear,2021.0,5,64
1164,shear,2021.0,6,13
1165,shear,2021.0,11,186
1166,shear,2021.0,14,35
1167,shear,2021.0,15,96
1168,shear,2021.0,16,83
1169,shear,2021.0,17,0
1170,shear,2021.0,19,20
1171,shear,2021.0,20,57
1172,shear,2021.0,21,54
1173,shear,2021.0,23,20
1174,shear,2021.0,24,29
1175,shear,2021.0,26,40
1176,shear,2021.0,27,18
1177,shear,2021.0,30,4
1178,shear,2021.0,31,10
1179,shear,2021.0,32,23
1180,shear,2021.0,33,9
1181,shear,2021.0,34,10
1182,shear,2021.0,35,12
1183,shear,2021.0,36,19
1184,shear,2021.0,45,19
1185,shear,2021.0,48,28
1186,shear,2021.0,55,13
1187,shear,2021.0,59,19
1188,shear,2021.0,61,3
1189,shear,2022.0,0,26
1190,shear,2022.0,2,22
1191,shear,2022.0,3,38
1192,shear,2022.0,5,60
1193,shear,2022.0,6,13
1194,shear,2022.0,11,175
1195,shear,2022.0,14,32
1196,shear,2022.0,15,88
1197,shear,2022.0,16,71
1198,shear,2022.0,17,0
1199,shear,2022.0,19,17
1200,shear,2022.0,20,59
1201,shear,2022.0,21,43
1202,shear,2022.0,23,20
1203,shear,2022.0,24,30
1204,shear,2022.0,26,27
1205,shear,2022.0,27,14
1206,shear,2022.0,30,4
1207,shear,2022.0,31,7
1208,shear,2022.0,32,18
1209,shear,2022.0,33,9
1210,shear,2022.0,34,14
1211,shear,2022.0,35,12
1212,shear,2022.0,36,18
1213,shear,2022.0,45,20
1214,shear,2022.0,48,34
1215,shear,2022.0,55,9
1216,shear,2022.0,59,17
1217,shear,2022.0,61,11
